Epoch,Train Loss,Val Loss,MSE,MAE,RÂ²,Learning Rate
1,0.099709,0.087699,0.087699,0.217316,0.583978,0.000300000000
2,0.085708,0.084075,0.084075,0.216575,0.599918,0.000300000000
3,0.082782,0.090083,0.090083,0.223467,0.591147,0.000300000000
4,0.081260,0.082355,0.082355,0.223311,0.610746,0.000300000000
5,0.080260,0.083764,0.083764,0.223090,0.605574,0.000300000000
6,0.079423,0.079836,0.079836,0.206071,0.622498,0.000300000000
7,0.078884,0.082069,0.082069,0.208067,0.615217,0.000300000000
8,0.078024,0.094188,0.094188,0.221766,0.580122,0.000300000000
9,0.077523,0.078968,0.078968,0.209603,0.626960,0.000300000000
10,0.076744,0.083942,0.083942,0.215934,0.612387,0.000300000000
11,0.076446,0.077721,0.077721,0.212212,0.634484,0.000300000000
12,0.075906,0.076151,0.076151,0.197872,0.638108,0.000300000000
13,0.075465,0.076644,0.076644,0.202397,0.637069,0.000300000000
14,0.074914,0.074835,0.074835,0.198181,0.644143,0.000300000000
15,0.074505,0.076503,0.076503,0.209740,0.640949,0.000300000000
16,0.074041,0.076729,0.076729,0.200328,0.638087,0.000300000000
17,0.073710,0.075177,0.075177,0.206998,0.644104,0.000300000000
18,0.073330,0.083840,0.083840,0.224026,0.614549,0.000300000000
19,0.073030,0.074586,0.074586,0.208313,0.648214,0.000300000000
20,0.072767,0.075662,0.075662,0.206379,0.646344,0.000300000000
21,0.072534,0.073794,0.073794,0.204460,0.653344,0.000300000000
22,0.072311,0.075593,0.075593,0.210698,0.644995,0.000300000000
23,0.072231,0.073634,0.073634,0.211158,0.655479,0.000300000000
24,0.071913,0.073399,0.073399,0.207834,0.654314,0.000300000000
25,0.071802,0.076095,0.076095,0.201462,0.643411,0.000300000000
26,0.071715,0.072953,0.072953,0.209699,0.657703,0.000300000000
27,0.071486,0.077215,0.077215,0.211226,0.639315,0.000300000000
28,0.071267,0.074062,0.074062,0.208220,0.654110,0.000300000000
29,0.071177,0.079643,0.079643,0.224444,0.642254,0.000300000000
30,0.071118,0.074397,0.074397,0.218586,0.656692,0.000300000000
31,0.070966,0.074507,0.074507,0.214823,0.656698,0.000300000000
32,0.070779,0.073946,0.073946,0.205774,0.653865,0.000300000000
33,0.070723,0.073686,0.073686,0.216140,0.658992,0.000300000000
34,0.070583,0.073490,0.073490,0.212977,0.658080,0.000150000000
35,0.068335,0.072680,0.072680,0.216382,0.669373,0.000150000000
36,0.067576,0.070355,0.070355,0.203920,0.671439,0.000150000000
37,0.067060,0.069274,0.069274,0.200258,0.674137,0.000150000000
38,0.066785,0.069721,0.069721,0.202685,0.673729,0.000150000000
39,0.066534,0.068690,0.068690,0.199076,0.676847,0.000150000000
40,0.066358,0.068446,0.068446,0.190189,0.675134,0.000150000000
41,0.066173,0.068585,0.068585,0.195776,0.676046,0.000150000000
42,0.065908,0.069222,0.069222,0.201163,0.674877,0.000150000000
43,0.065861,0.069103,0.069103,0.204524,0.678094,0.000150000000
44,0.065671,0.068663,0.068663,0.197740,0.676484,0.000150000000
45,0.065632,0.069975,0.069975,0.205601,0.674630,0.000150000000
46,0.065438,0.067722,0.067722,0.191221,0.679391,0.000150000000
47,0.065345,0.068416,0.068416,0.199466,0.678802,0.000150000000
48,0.065195,0.068954,0.068954,0.204139,0.678617,0.000150000000
49,0.065004,0.069006,0.069006,0.203567,0.677620,0.000150000000
50,0.065033,0.067551,0.067551,0.195009,0.681406,0.000150000000
51,0.065048,0.070408,0.070408,0.210526,0.678229,0.000150000000
52,0.064977,0.067400,0.067400,0.192475,0.683947,0.000150000000
53,0.064924,0.067141,0.067141,0.199283,0.686540,0.000150000000
54,0.064843,0.067066,0.067066,0.198680,0.685679,0.000150000000
55,0.064697,0.066541,0.066541,0.193173,0.686602,0.000150000000
56,0.064609,0.067386,0.067386,0.197822,0.684101,0.000150000000
57,0.064517,0.066900,0.066900,0.198130,0.686422,0.000150000000
58,0.064497,0.067144,0.067144,0.198414,0.685777,0.000150000000
59,0.064366,0.066955,0.066955,0.199101,0.686758,0.000150000000
60,0.064287,0.066674,0.066674,0.195586,0.686154,0.000150000000
61,0.064233,0.066969,0.066969,0.193382,0.683437,0.000150000000
62,0.064229,0.066758,0.066758,0.196926,0.686285,0.000150000000
63,0.064055,0.066961,0.066961,0.198074,0.686257,0.000075000000
64,0.062151,0.065223,0.065223,0.190204,0.692433,0.000075000000
65,0.061466,0.064401,0.064401,0.190263,0.696798,0.000075000000
66,0.060967,0.064129,0.064129,0.187180,0.696810,0.000075000000
67,0.060765,0.064019,0.064019,0.187366,0.697386,0.000075000000
68,0.060424,0.063297,0.063297,0.182615,0.699668,0.000075000000
69,0.060319,0.063997,0.063997,0.187402,0.697689,0.000075000000
70,0.060271,0.064132,0.064132,0.190003,0.697847,0.000075000000
71,0.060015,0.063572,0.063572,0.185257,0.699044,0.000075000000
72,0.059844,0.063721,0.063721,0.187967,0.699159,0.000075000000
73,0.059729,0.063894,0.063894,0.189476,0.699066,0.000075000000
74,0.059634,0.063413,0.063413,0.181250,0.698762,0.000075000000
75,0.059395,0.064395,0.064395,0.189312,0.696395,0.000075000000
76,0.059400,0.063409,0.063409,0.185356,0.699880,0.000037500000
77,0.058154,0.062425,0.062425,0.180265,0.703544,0.000037500000
78,0.057624,0.062047,0.062047,0.179291,0.705317,0.000037500000
79,0.057249,0.062133,0.062133,0.178102,0.704569,0.000037500000
80,0.057039,0.061850,0.061850,0.180131,0.706604,0.000037500000
81,0.056888,0.062095,0.062095,0.181072,0.705655,0.000037500000
82,0.056701,0.061864,0.061864,0.178312,0.706163,0.000037500000
83,0.056596,0.061924,0.061924,0.178060,0.705663,0.000037500000
84,0.056486,0.061689,0.061689,0.176665,0.706583,0.000037500000
85,0.056409,0.061717,0.061717,0.177733,0.706722,0.000037500000
86,0.056173,0.061583,0.061583,0.174357,0.706705,0.000037500000
87,0.056126,0.061733,0.061733,0.180617,0.707429,0.000037500000
88,0.056081,0.061653,0.061653,0.176334,0.706729,0.000037500000
89,0.055841,0.062058,0.062058,0.180131,0.705598,0.000037500000
90,0.055804,0.061011,0.061011,0.171761,0.709391,0.000037500000
91,0.055823,0.062038,0.062038,0.179931,0.705712,0.000037500000
92,0.055655,0.061310,0.061310,0.175258,0.708365,0.000037500000
93,0.055496,0.061495,0.061495,0.174191,0.707712,0.000037500000
94,0.055396,0.061492,0.061492,0.175978,0.707515,0.000037500000
95,0.055403,0.061791,0.061791,0.176643,0.706121,0.000037500000
96,0.055377,0.061689,0.061689,0.177334,0.706868,0.000037500000
97,0.055230,0.062222,0.062222,0.178329,0.704510,0.000037500000
98,0.055102,0.061911,0.061911,0.178252,0.706311,0.000018750000
99,0.054332,0.061143,0.061143,0.170811,0.708555,0.000018750000
100,0.054067,0.060890,0.060890,0.174881,0.710414,0.000018750000
101,0.054555,0.055002,0.055002,0.167328,0.739429,0.000018750000
102,0.054353,0.055006,0.055006,0.164699,0.738643,0.000018750000
103,0.054175,0.054787,0.054787,0.165909,0.740020,0.000018750000
104,0.054134,0.054909,0.054909,0.166336,0.739545,0.000018750000
105,0.054086,0.054798,0.054798,0.166420,0.740183,0.000018750000
106,0.053850,0.055014,0.055014,0.164919,0.738743,0.000018750000
107,0.053762,0.054887,0.054887,0.164658,0.739206,0.000018750000
108,0.053636,0.054699,0.054699,0.166051,0.740526,0.000018750000
109,0.053669,0.054915,0.054915,0.165323,0.739138,0.000018750000
110,0.053555,0.055068,0.055068,0.165825,0.738481,0.000018750000
111,0.053530,0.055221,0.055221,0.164218,0.737329,0.000018750000
112,0.053276,0.055178,0.055178,0.168009,0.738637,0.000018750000
113,0.053365,0.055032,0.055032,0.162914,0.738165,0.000018750000
114,0.053209,0.055338,0.055338,0.165373,0.737000,0.000018750000
115,0.053218,0.055739,0.055739,0.166580,0.735133,0.000018750000
116,0.053159,0.055475,0.055475,0.166145,0.736614,0.000009375000
117,0.052561,0.054968,0.054968,0.164381,0.738750,0.000009375000
118,0.052416,0.054880,0.054880,0.162035,0.738632,0.000009375000
119,0.052338,0.054972,0.054972,0.162606,0.738318,0.000009375000
120,0.052237,0.055034,0.055034,0.161954,0.737952,0.000009375000
121,0.052203,0.054785,0.054785,0.161637,0.739140,0.000009375000
122,0.052038,0.055045,0.055045,0.164773,0.738376,0.000009375000
123,0.052047,0.054874,0.054874,0.161630,0.738703,0.000009375000
124,0.051903,0.055288,0.055288,0.162815,0.736696,0.000009375000
125,0.051813,0.055400,0.055400,0.162161,0.736051,0.000009375000
126,0.051961,0.055227,0.055227,0.162646,0.737066,0.000009375000
127,0.051845,0.054896,0.054896,0.162357,0.738622,0.000004687500
128,0.051655,0.055037,0.055037,0.162029,0.737892,0.000004687500
129,0.051479,0.054847,0.054847,0.161497,0.738752,0.000004687500
130,0.051464,0.054875,0.054875,0.162054,0.738710,0.000004687500
131,0.051236,0.054899,0.054899,0.160322,0.738345,0.000004687500
132,0.051342,0.055076,0.055076,0.161508,0.737634,0.000004687500
133,0.051297,0.054787,0.054787,0.159702,0.738838,0.000004687500
134,0.051385,0.054549,0.054549,0.161418,0.740255,0.000004687500
135,0.051348,0.054730,0.054730,0.161022,0.739253,0.000004687500
136,0.051140,0.055052,0.055052,0.160785,0.737670,0.000004687500
137,0.051259,0.054808,0.054808,0.160084,0.738727,0.000004687500
138,0.051191,0.054985,0.054985,0.159878,0.737846,0.000004687500
139,0.051021,0.054871,0.054871,0.160245,0.738462,0.000004687500
140,0.051078,0.055078,0.055078,0.161014,0.737549,0.000004687500
141,0.051015,0.054801,0.054801,0.159867,0.738784,0.000004687500
142,0.050910,0.055212,0.055212,0.160463,0.736779,0.000002343750
143,0.051006,0.054665,0.054665,0.160079,0.739481,0.000002343750
144,0.050790,0.054607,0.054607,0.159505,0.739683,0.000002343750
145,0.050861,0.054673,0.054673,0.159822,0.739401,0.000002343750
146,0.050874,0.055101,0.055101,0.159007,0.737221,0.000002343750
147,0.050713,0.054851,0.054851,0.160077,0.738519,0.000002343750
148,0.050739,0.054666,0.054666,0.159311,0.739407,0.000002343750
149,0.050770,0.054771,0.054771,0.159430,0.738896,0.000002343750
150,0.050671,0.055017,0.055017,0.160203,0.737733,0.000002343750
151,0.051039,0.050688,0.050688,0.155069,0.759072,0.000002343750
152,0.051029,0.050757,0.050757,0.155009,0.758716,0.000002343750
153,0.051031,0.050738,0.050738,0.154825,0.758762,0.000002343750
154,0.051076,0.050694,0.050694,0.153206,0.758681,0.000002343750
155,0.051019,0.050824,0.050824,0.155192,0.758340,0.000002343750
156,0.051083,0.050759,0.050759,0.154916,0.758650,0.000002343750
157,0.051005,0.050696,0.050696,0.153952,0.758827,0.000002343750
158,0.050923,0.050861,0.050861,0.154493,0.758064,0.000002343750
159,0.050984,0.051152,0.051152,0.155301,0.756741,0.000001171875
160,0.050916,0.050946,0.050946,0.155377,0.757819,0.000001171875
161,0.050844,0.051209,0.051209,0.154703,0.756300,0.000001171875
162,0.050800,0.051209,0.051209,0.154865,0.756397,0.000001171875
163,0.050826,0.050679,0.050679,0.154004,0.758924,0.000001171875
164,0.050787,0.050908,0.050908,0.154472,0.757790,0.000001171875
165,0.050861,0.051004,0.051004,0.154949,0.757378,0.000001171875
166,0.050859,0.051207,0.051207,0.155444,0.756531,0.000001171875
167,0.050751,0.051059,0.051059,0.154292,0.757011,0.000001171875
168,0.050596,0.051269,0.051269,0.155897,0.756297,0.000001171875
169,0.050768,0.051217,0.051217,0.155608,0.756466,0.000001171875
170,0.050794,0.050792,0.050792,0.154340,0.758412,0.000001171875
171,0.050703,0.051014,0.051014,0.154902,0.757384,0.000000585937
172,0.050699,0.051189,0.051189,0.155193,0.756533,0.000000585937
173,0.050732,0.051077,0.051077,0.154410,0.756950,0.000000585937
174,0.050612,0.051229,0.051229,0.155588,0.756377,0.000000585937
175,0.050660,0.050774,0.050774,0.154909,0.758569,0.000000585937
176,0.050592,0.051150,0.051150,0.154950,0.756659,0.000000585937
177,0.050601,0.051202,0.051202,0.154637,0.756395,0.000000585937
178,0.050688,0.051110,0.051110,0.155195,0.756952,0.000000585937
179,0.050590,0.051017,0.051018,0.154866,0.757339,0.000000585937
180,0.050628,0.051229,0.051229,0.154517,0.756164,0.000000585937
181,0.050587,0.051146,0.051146,0.154854,0.756679,0.000000585937
182,0.050585,0.051208,0.051208,0.154705,0.756352,0.000000292969
183,0.050625,0.051254,0.051254,0.155363,0.756254,0.000000292969
184,0.050644,0.051101,0.051101,0.155139,0.757019,0.000000292969
185,0.050644,0.051242,0.051242,0.154481,0.756115,0.000000292969
186,0.050546,0.050650,0.050650,0.154026,0.759086,0.000000292969
187,0.050681,0.050856,0.050856,0.154087,0.758053,0.000000292969
188,0.050655,0.051027,0.051027,0.154172,0.757140,0.000000292969
189,0.050584,0.051068,0.051068,0.154063,0.756952,0.000000292969
190,0.050643,0.051086,0.051086,0.153796,0.756801,0.000000292969
191,0.050511,0.051179,0.051179,0.155093,0.756574,0.000000292969
192,0.050604,0.050956,0.050956,0.153999,0.757487,0.000000292969
193,0.050472,0.051175,0.051175,0.154088,0.756419,0.000000292969
194,0.050511,0.051225,0.051225,0.155255,0.756389,0.000000146484
195,0.050652,0.050960,0.050960,0.154444,0.757553,0.000000146484
196,0.050567,0.050727,0.050727,0.154244,0.758701,0.000000146484
197,0.050590,0.050954,0.050954,0.154187,0.757505,0.000000146484
198,0.050589,0.051346,0.051346,0.154743,0.755616,0.000000146484
199,0.050516,0.051022,0.051022,0.154420,0.757259,0.000000146484
200,0.050552,0.050926,0.050926,0.155081,0.757842,0.000000146484
201,0.050645,0.050311,0.050311,0.152751,0.760503,0.000000146484
202,0.050619,0.049820,0.049820,0.153034,0.763102,0.000000146484
203,0.050535,0.050180,0.050180,0.153294,0.761312,0.000000146484
204,0.050636,0.049963,0.049963,0.152628,0.762267,0.000000146484
205,0.050678,0.050111,0.050111,0.152724,0.761536,0.000000146484
206,0.050663,0.050035,0.050035,0.152361,0.761876,0.000000146484
207,0.050612,0.049940,0.049940,0.152604,0.762364,0.000000146484
208,0.050618,0.050020,0.050020,0.153102,0.762208,0.000000146484
209,0.050623,0.049981,0.049981,0.153355,0.762436,0.000000146484
210,0.050716,0.050268,0.050268,0.154002,0.761071,0.000000073242
211,0.050618,0.049999,0.049999,0.153629,0.762294,0.000000073242
212,0.050643,0.050064,0.050064,0.152503,0.761738,0.000000073242
213,0.050623,0.050123,0.050123,0.153880,0.761788,0.000000073242
214,0.050632,0.050195,0.050195,0.153415,0.761255,0.000000073242
215,0.050671,0.050190,0.050190,0.153048,0.761238,0.000000073242
216,0.050712,0.050326,0.050326,0.152995,0.760478,0.000000073242
217,0.050618,0.050125,0.050125,0.153618,0.761618,0.000000073242
218,0.050640,0.050203,0.050203,0.153380,0.761150,0.000000073242
219,0.050657,0.050223,0.050223,0.153137,0.761028,0.000000073242
220,0.050611,0.050127,0.050127,0.153107,0.761553,0.000000073242
221,0.050691,0.049888,0.049888,0.153234,0.762751,0.000000036621
222,0.050628,0.049990,0.049990,0.153457,0.762305,0.000000036621
223,0.050724,0.050113,0.050113,0.152926,0.761586,0.000000036621
224,0.050683,0.050176,0.050176,0.153258,0.761340,0.000000036621
225,0.050608,0.049882,0.049882,0.153370,0.762920,0.000000036621
226,0.050545,0.050333,0.050333,0.152670,0.760374,0.000000036621
227,0.050740,0.049817,0.049817,0.153086,0.763125,0.000000036621
228,0.050617,0.049877,0.049877,0.152440,0.762759,0.000000036621
229,0.050624,0.050034,0.050034,0.153255,0.762026,0.000000036621
230,0.050728,0.050199,0.050199,0.153369,0.761208,0.000000036621
231,0.050575,0.050009,0.050009,0.153133,0.762202,0.000000036621
232,0.050643,0.050174,0.050174,0.152923,0.761231,0.000000018311
233,0.050690,0.049902,0.049902,0.152399,0.762498,0.000000018311
234,0.050622,0.050337,0.050337,0.153131,0.760438,0.000000018311
235,0.050573,0.050038,0.050038,0.152393,0.761797,0.000000018311
236,0.050597,0.050160,0.050160,0.153027,0.761371,0.000000018311
237,0.050706,0.050228,0.050228,0.152532,0.760897,0.000000018311
238,0.050566,0.050202,0.050202,0.152785,0.761071,0.000000018311
239,0.050584,0.049836,0.049836,0.152129,0.762831,0.000000018311
240,0.050660,0.050141,0.050141,0.152760,0.761359,0.000000018311
241,0.050517,0.050135,0.050135,0.153591,0.761645,0.000000018311
242,0.050640,0.049960,0.049960,0.152985,0.762388,0.000000018311
243,0.050617,0.050301,0.050301,0.153398,0.760804,0.000000018311
244,0.050589,0.050169,0.050169,0.154113,0.761582,0.000000018311
245,0.050607,0.050098,0.050098,0.152939,0.761675,0.000000018311
246,0.050619,0.050058,0.050058,0.152653,0.761774,0.000000018311
247,0.050637,0.050140,0.050140,0.152743,0.761357,0.000000018311
248,0.050643,0.050252,0.050252,0.152884,0.760782,0.000000018311
249,0.050603,0.049952,0.049952,0.153044,0.762413,0.000000018311
250,0.050599,0.050028,0.050028,0.152329,0.761903,0.000000018311
251,0.050721,0.049985,0.049985,0.151783,0.763017,0.000000018311
252,0.050559,0.049801,0.049801,0.152108,0.764024,0.000000018311
253,0.050564,0.049942,0.049942,0.151890,0.763210,0.000000018311
254,0.050572,0.049792,0.049792,0.151416,0.763969,0.000000018311
255,0.050590,0.050013,0.050013,0.152587,0.762981,0.000000018311
256,0.050582,0.049983,0.049983,0.152641,0.763168,0.000000018311
257,0.050670,0.050018,0.050018,0.152714,0.762978,0.000000018311
258,0.050624,0.050023,0.050023,0.151711,0.762765,0.000000018311
259,0.050632,0.049918,0.049918,0.151697,0.763292,0.000000018311
260,0.050703,0.050095,0.050095,0.152391,0.762502,0.000000018311
261,0.050641,0.050033,0.050033,0.153021,0.762965,0.000000018311
262,0.050714,0.050003,0.050003,0.152825,0.763070,0.000000018311
263,0.050719,0.050209,0.050209,0.152640,0.762010,0.000000018311
264,0.050422,0.049897,0.049897,0.153097,0.763695,0.000000018311
265,0.050686,0.049867,0.049867,0.152303,0.763682,0.000000018311
266,0.050625,0.050053,0.050053,0.152667,0.762826,0.000000018311
267,0.050644,0.049780,0.049780,0.152588,0.764238,0.000000018311
268,0.050655,0.050071,0.050071,0.152975,0.762786,0.000000018311
269,0.050529,0.049753,0.049753,0.151942,0.764168,0.000000018311
270,0.050667,0.049879,0.049879,0.152250,0.763597,0.000000018311
271,0.050563,0.049922,0.049922,0.152050,0.763341,0.000000018311
272,0.050735,0.050099,0.050099,0.152234,0.762506,0.000000018311
273,0.050627,0.050301,0.050301,0.152981,0.761637,0.000000018311
274,0.050667,0.049805,0.049805,0.151978,0.763962,0.000000018311
275,0.050619,0.049595,0.049595,0.151179,0.764848,0.000000018311
276,0.050628,0.049906,0.049906,0.152138,0.763450,0.000000018311
277,0.050648,0.050020,0.050020,0.152685,0.762962,0.000000018311
278,0.050615,0.049987,0.049987,0.153204,0.763300,0.000000018311
279,0.050585,0.050149,0.050149,0.152566,0.762289,0.000000018311
280,0.050715,0.050280,0.050280,0.152621,0.761685,0.000000018311
281,0.050653,0.050344,0.050344,0.152883,0.761352,0.000000018311
282,0.050584,0.050194,0.050194,0.152365,0.762036,0.000000018311
283,0.050671,0.049957,0.049957,0.152611,0.763311,0.000000018311
284,0.050567,0.049845,0.049845,0.152794,0.763915,0.000000018311
285,0.050728,0.050121,0.050121,0.153781,0.762752,0.000000018311
286,0.050703,0.049941,0.049941,0.152675,0.763378,0.000000018311
287,0.050762,0.050041,0.050041,0.152182,0.762759,0.000000018311
288,0.050655,0.049972,0.049972,0.152700,0.763199,0.000000018311
289,0.050545,0.049830,0.049830,0.152534,0.763909,0.000000018311
290,0.050636,0.049864,0.049864,0.151930,0.763645,0.000000018311
291,0.050588,0.049803,0.049803,0.151785,0.763853,0.000000018311
292,0.050603,0.050174,0.050174,0.153017,0.762240,0.000000018311
293,0.050655,0.050026,0.050026,0.153261,0.763045,0.000000018311
294,0.050667,0.050119,0.050119,0.153323,0.762554,0.000000018311
295,0.050635,0.049799,0.049799,0.151906,0.763916,0.000000018311
296,0.050553,0.049913,0.049913,0.152958,0.763587,0.000000018311
297,0.050694,0.050177,0.050177,0.153381,0.762321,0.000000018311
298,0.050647,0.050240,0.050240,0.151865,0.761692,0.000000018311
299,0.050672,0.050051,0.050051,0.152702,0.762835,0.000000018311
300,0.050612,0.050099,0.050099,0.152227,0.762497,0.000000018311
301,0.050640,0.049315,0.049315,0.151284,0.765353,0.000000018311
302,0.050543,0.049564,0.049564,0.151804,0.764130,0.000000018311
303,0.050698,0.049515,0.049515,0.151788,0.764385,0.000000018311
304,0.050641,0.049424,0.049424,0.152004,0.764895,0.000000018311
305,0.050648,0.049835,0.049835,0.153008,0.763031,0.000000018311
306,0.050659,0.049993,0.049993,0.152556,0.762106,0.000000018311
307,0.050687,0.049892,0.049892,0.152320,0.762562,0.000000018311
308,0.050718,0.049690,0.049690,0.153117,0.763825,0.000000018311
309,0.050705,0.049741,0.049741,0.152165,0.763277,0.000000018311
310,0.050708,0.049968,0.049968,0.152580,0.762204,0.000000018311
311,0.050819,0.049712,0.049712,0.152585,0.763588,0.000000018311
312,0.050666,0.049486,0.049486,0.151506,0.764480,0.000000018311
313,0.050586,0.049822,0.049822,0.153176,0.763114,0.000000018311
314,0.050546,0.049726,0.049726,0.152090,0.763387,0.000000018311
315,0.050642,0.049857,0.049857,0.151362,0.762577,0.000000018311
316,0.050761,0.049595,0.049595,0.151593,0.763965,0.000000018311
317,0.050736,0.049714,0.049714,0.151804,0.763362,0.000000018311
318,0.050622,0.049539,0.049539,0.151891,0.764311,0.000000018311
319,0.050664,0.049839,0.049839,0.152665,0.762919,0.000000018311
320,0.050763,0.049643,0.049643,0.153018,0.763986,0.000000018311
321,0.050606,0.049867,0.049867,0.152634,0.762757,0.000000018311
322,0.050637,0.049753,0.049753,0.151810,0.763151,0.000000018311
323,0.050645,0.049674,0.049674,0.151953,0.763611,0.000000018311
324,0.050649,0.049556,0.049556,0.152631,0.764386,0.000000018311
325,0.050631,0.049700,0.049700,0.151446,0.763419,0.000000018311
326,0.050676,0.049538,0.049538,0.152391,0.764400,0.000000018311
327,0.050660,0.049698,0.049698,0.151720,0.763463,0.000000018311
328,0.050728,0.049833,0.049833,0.152735,0.762951,0.000000018311
329,0.050696,0.049610,0.049610,0.152444,0.764027,0.000000018311
330,0.050648,0.049932,0.049932,0.152453,0.762365,0.000000018311
331,0.050809,0.049830,0.049830,0.152493,0.762910,0.000000018311
332,0.050802,0.049768,0.049768,0.152006,0.763142,0.000000018311
333,0.050609,0.049594,0.049594,0.151866,0.764012,0.000000018311
334,0.050655,0.049984,0.049984,0.152880,0.762220,0.000000018311
335,0.050640,0.049608,0.049608,0.152082,0.763997,0.000000018311
336,0.050678,0.049752,0.049752,0.152309,0.763277,0.000000018311
337,0.050665,0.049586,0.049586,0.152217,0.764142,0.000000018311
338,0.050584,0.049770,0.049770,0.151772,0.763094,0.000000018311
339,0.050667,0.049682,0.049682,0.152844,0.763793,0.000000018311
340,0.050761,0.050057,0.050057,0.152892,0.761866,0.000000018311
341,0.050671,0.049856,0.049856,0.153450,0.763001,0.000000018311
342,0.050636,0.049856,0.049856,0.153011,0.762923,0.000000018311
343,0.050604,0.049780,0.049780,0.152291,0.763129,0.000000018311
344,0.050650,0.049439,0.049439,0.152493,0.764948,0.000000018311
345,0.050805,0.049630,0.049630,0.151944,0.763839,0.000000018311
346,0.050734,0.049745,0.049745,0.151523,0.763165,0.000000018311
347,0.050719,0.049607,0.049607,0.152058,0.763997,0.000000018311
348,0.050624,0.049521,0.049521,0.152044,0.764433,0.000000018311
349,0.050548,0.049528,0.049528,0.151979,0.764370,0.000000018311
350,0.050490,0.050013,0.050013,0.152725,0.762013,0.000000018311
351,0.050610,0.050597,0.050597,0.153481,0.759364,0.000000018311
352,0.050641,0.050301,0.050301,0.152864,0.760801,0.000000018311
353,0.050606,0.050452,0.050452,0.153467,0.760107,0.000000018311
354,0.050556,0.049996,0.049996,0.152813,0.762314,0.000000018311
355,0.050531,0.050377,0.050377,0.153457,0.760531,0.000000018311
356,0.050560,0.050311,0.050311,0.153648,0.760913,0.000000018311
357,0.050572,0.050189,0.050189,0.153147,0.761420,0.000000018311
358,0.050680,0.049976,0.049976,0.152874,0.762453,0.000000018311
359,0.050547,0.050300,0.050300,0.153538,0.760906,0.000000018311
360,0.050570,0.050084,0.050084,0.152803,0.761932,0.000000018311
361,0.050507,0.050537,0.050537,0.153665,0.759772,0.000000018311
362,0.050478,0.050316,0.050316,0.153734,0.760845,0.000000018311
363,0.050656,0.050290,0.050290,0.153438,0.760948,0.000000018311
364,0.050556,0.050142,0.050142,0.153011,0.761618,0.000000018311
365,0.050660,0.050020,0.050020,0.152853,0.762215,0.000000018311
366,0.050596,0.050241,0.050241,0.153775,0.761257,0.000000018311
367,0.050656,0.050459,0.050459,0.153275,0.760039,0.000000018311
368,0.050558,0.050129,0.050129,0.153129,0.761693,0.000000018311
369,0.050574,0.050330,0.050330,0.153069,0.760645,0.000000018311
370,0.050481,0.050106,0.050106,0.152716,0.761754,0.000000018311
371,0.050617,0.050142,0.050142,0.153307,0.761646,0.000000018311
372,0.050567,0.050235,0.050235,0.152869,0.761108,0.000000018311
373,0.050516,0.050351,0.050351,0.154374,0.760880,0.000000018311
374,0.050597,0.050388,0.050388,0.153435,0.760443,0.000000018311
375,0.050542,0.050212,0.050212,0.154386,0.761565,0.000000018311
376,0.050584,0.050560,0.050560,0.153848,0.759644,0.000000018311
377,0.050489,0.050369,0.050369,0.152884,0.760432,0.000000018311
378,0.050592,0.050366,0.050366,0.152889,0.760483,0.000000018311
379,0.050542,0.050071,0.050071,0.152952,0.761941,0.000000018311
380,0.050650,0.050280,0.050280,0.153842,0.761039,0.000000018311
381,0.050651,0.050198,0.050198,0.152801,0.761314,0.000000018311
382,0.050677,0.050291,0.050291,0.153848,0.761005,0.000000018311
383,0.050638,0.050206,0.050206,0.153200,0.761404,0.000000018311
384,0.050416,0.050097,0.050097,0.152827,0.761816,0.000000018311
385,0.050581,0.050505,0.050505,0.153531,0.759823,0.000000018311
386,0.050571,0.050387,0.050387,0.153177,0.760399,0.000000018311
387,0.050696,0.050674,0.050674,0.153934,0.759089,0.000000018311
388,0.050566,0.050411,0.050411,0.153393,0.760334,0.000000018311
389,0.050535,0.050168,0.050168,0.152735,0.761420,0.000000018311
390,0.050522,0.050104,0.050104,0.153157,0.761826,0.000000018311
391,0.050500,0.050275,0.050275,0.153595,0.761062,0.000000018311
392,0.050504,0.050149,0.050149,0.152447,0.761445,0.000000018311
393,0.050548,0.050281,0.050281,0.152995,0.760919,0.000000018311
394,0.050480,0.050116,0.050116,0.153472,0.761831,0.000000018311
395,0.050588,0.050213,0.050213,0.153386,0.761281,0.000000018311
396,0.050475,0.050516,0.050516,0.154099,0.759920,0.000000018311
397,0.050475,0.050396,0.050396,0.153962,0.760482,0.000000018311
398,0.050532,0.050346,0.050346,0.153874,0.760723,0.000000018311
399,0.050537,0.050349,0.050349,0.153888,0.760756,0.000000018311
400,0.050587,0.050392,0.050392,0.153155,0.760345,0.000000018311
401,0.050629,0.050311,0.050311,0.153653,0.761117,0.000000018311
402,0.050625,0.050111,0.050111,0.152943,0.762017,0.000000018311
403,0.050636,0.050209,0.050209,0.153294,0.761565,0.000000018311
404,0.050536,0.049912,0.049912,0.152516,0.762929,0.000000018311
405,0.050632,0.050282,0.050282,0.153188,0.761141,0.000000018311
406,0.050627,0.050049,0.050049,0.152513,0.762234,0.000000018311
407,0.050626,0.050119,0.050119,0.152996,0.761978,0.000000018311
408,0.050607,0.050114,0.050114,0.152040,0.761833,0.000000018311
409,0.050566,0.050157,0.050157,0.152714,0.761709,0.000000018311
410,0.050421,0.050287,0.050287,0.152932,0.761114,0.000000018311
411,0.050632,0.050033,0.050033,0.153197,0.762416,0.000000018311
412,0.050593,0.050491,0.050491,0.153370,0.760133,0.000000018311
413,0.050629,0.050218,0.050218,0.153279,0.761529,0.000000018311
414,0.050485,0.050181,0.050181,0.153150,0.761658,0.000000018311
415,0.050652,0.049899,0.049899,0.152666,0.763048,0.000000018311
416,0.050605,0.050017,0.050017,0.152354,0.762386,0.000000018311
417,0.050599,0.050236,0.050236,0.152167,0.761202,0.000000018311
418,0.050427,0.050381,0.050381,0.153179,0.760663,0.000000018311
419,0.050570,0.050267,0.050267,0.152606,0.761160,0.000000018311
420,0.050564,0.050287,0.050287,0.152896,0.761075,0.000000018311
421,0.050613,0.050019,0.050019,0.152451,0.762379,0.000000018311
422,0.050655,0.049947,0.049947,0.152762,0.762824,0.000000018311
423,0.050557,0.050153,0.050153,0.153130,0.761817,0.000000018311
424,0.050607,0.049696,0.049696,0.152296,0.764017,0.000000018311
425,0.050664,0.050055,0.050055,0.152166,0.762142,0.000000018311
426,0.050510,0.050125,0.050125,0.153226,0.761977,0.000000018311
427,0.050672,0.050125,0.050125,0.152191,0.761800,0.000000018311
428,0.050606,0.050315,0.050315,0.153359,0.761085,0.000000018311
429,0.050579,0.049986,0.049986,0.152043,0.762453,0.000000018311
430,0.050586,0.050147,0.050147,0.153037,0.761810,0.000000018311
431,0.050668,0.050585,0.050585,0.154068,0.759810,0.000000018311
432,0.050598,0.050196,0.050196,0.153351,0.761660,0.000000018311
433,0.050539,0.050091,0.050091,0.152547,0.762043,0.000000018311
434,0.050677,0.050032,0.050032,0.152977,0.762447,0.000000018311
435,0.050670,0.049935,0.049935,0.153311,0.763035,0.000000018311
436,0.050609,0.050266,0.050266,0.152514,0.761122,0.000000018311
